prevN_0,prevN_1,prevN_2,prevN_3,prevN_4,prevN_5,prevN_6,prevN_7,propN_0,propN_1,propN_2,propN_3,propN_4,propN_5,propN_6,propN_7,hydroN_0,hydroN_1,hydroN_2,hydroN_3,hydroN_4,hydroN_5,hydroN_6,hydroN_7,Class
2.1,1.3,1.7,0,1.5,1.7,0.9,1.7,0.12,-1.28,-1.2,0.67,0.81,-1.2,-0.28,-1.2,0.42,0.11,0.32,0.4,0.97,0.32,0.14,0.32,0
23.5,1.7,1.5,1.5,1.7,23.5,3.9,23.5,0.08,-1.2,-0.61,0.81,-1.2,0.08,-0.4,0.08,0.11,0.32,0.11,0.97,0.32,0.11,0.7,0.11,0
2.1,0.9,0.9,10,0.9,2.1,2.3,1.7,0.12,-0.28,-0.28,0.13,-0.28,0.12,-0.04,-1.2,0.42,0.14,0.14,0.41,0.14,0.42,0.92,0.32,0
7.8,2.3,1.7,2.5,1.7,1.3,2.1,1.7,0.78,-0.04,-1.2,0.84,0.67,-1.28,0.12,-1.2,0.36,0.92,0.32,0.81,0.71,0.11,0.42,0.32,0
1.7,1.7,1.1,1.5,0.7,1.7,2.5,2.1,-1.2,-1.2,0.81,0.81,-1.58,-1.2,-0.41,0.12,0.32,0.32,1,0.97,0.07,0.32,0,0.42,0
1.5,1.3,1.3,2.5,0.9,1.7,2.5,10,0.81,-1.28,-1.28,-0.41,-0.28,0.67,0.84,0.13,0.97,0.11,0.11,0,0.14,0.71,0.81,0.41,0
0,0.7,10,1.5,0,23.5,2.5,1.3,0.42,-1.58,0.13,0.81,0.42,0.08,0.84,-1.28,0.78,0.07,0.41,0.97,0.78,0.11,0.81,0.11,0
12.9,1.1,10,2.1,2.5,10,22,1.5,-0.039,0.81,0.13,0.12,-0.41,0.13,0.069,-0.61,0.46,1,0.41,0.42,0,0.41,0.11,0.11,0
1.5,10,2.3,10,0.7,23.5,2.5,2.3,0.81,0.13,-0.04,0.13,-1.58,0.08,-0.41,-0.04,0.97,0.41,0.92,0.41,0.07,0.11,0,0.92,0
2.3,2.5,1.3,1.7,1.3,2.1,0,10,-0.04,-0.41,-1.28,-1.2,-1.28,0.12,0.42,0.13,0.92,0,0.11,0.32,0.11,0.42,0.78,0.41,0
2.5,0.7,3.9,2.1,1.3,2.3,2.5,1.7,-0.41,-1.58,-0.4,0.12,-1.28,-0.04,0.84,-1.2,0,0.07,0.7,0.42,0.11,0.92,0.81,0.32,0
2.1,3.9,7.8,1.5,2.5,0.9,1.1,1.3,0.12,-0.4,0.78,0.81,-0.41,-0.28,0.81,-1.28,0.42,0.7,0.36,0.97,0,0.14,1,0.11,0
1.3,2.5,7.8,0.7,12.9,0.7,1.7,0.9,-1.28,-0.41,0.78,-1.58,-0.039,-1.58,-1.2,-0.28,0.11,0,0.36,0.07,0.46,0.07,0.32,0.14,0
1.3,1.7,23.5,3.9,3.9,2.3,1.5,2.5,-1.28,-1.2,0.08,-0.4,-0.4,-0.04,0.81,0.84,0.11,0.32,0.11,0.7,0.7,0.92,0.97,0.81,0
0.9,1.1,0.9,1.7,2.3,2.5,1.1,0.9,-0.28,0.81,-0.28,-1.2,-0.04,0.84,0.81,-0.28,0.14,1,0.14,0.32,0.92,0.81,1,0.14,0
2.1,2.3,3.9,2.5,2.5,1.3,1.7,1.7,0.12,-0.04,-0.4,-0.41,-0.41,-1.28,-1.2,-1.2,0.42,0.92,0.7,0,0,0.11,0.32,0.32,0
1.7,23.5,3.9,10,12.9,1.1,0.9,7.8,-1.2,0.08,-0.4,0.13,-0.039,0.81,-0.28,0.78,0.32,0.11,0.7,0.41,0.46,1,0.14,0.36,0
3.9,1.3,10,3.9,10,23.5,3.9,10,-0.4,-1.28,0.13,-0.4,0.13,0.08,-0.4,0.13,0.7,0.11,0.41,0.7,0.41,0.11,0.7,0.41,0
23.5,12.9,1.7,3.9,7.8,1.7,2.3,3.9,0.08,-0.039,-1.2,-0.4,0.78,-1.2,-0.04,-0.4,0.11,0.46,0.32,0.7,0.36,0.32,0.92,0.7,0
10,1.5,23.5,1.7,3.9,2.3,7.8,2.5,0.13,0.81,0.08,-1.2,-0.4,-0.04,0.78,-0.41,0.41,0.97,0.11,0.32,0.7,0.92,0.36,0,0
10,12.9,1.5,10,2.1,3.9,1.5,2.5,0.13,-0.039,0.81,0.13,0.12,-0.4,0.81,-0.41,0.41,0.46,0.97,0.41,0.42,0.7,0.97,0,0
2.3,23.5,2.5,1.1,2.1,2.3,2.5,23.5,-0.04,0.08,-0.41,0.81,0.12,-0.04,-0.41,0.08,0.92,0.11,0,1,0.42,0.92,0,0.11,0
1.1,1.5,1.7,2.5,23.5,1.5,23.5,0,0.81,0.81,-1.2,-0.41,0.08,0.81,0.08,0.42,1,0.97,0.32,0,0.11,0.97,0.11,0.78,0
23.5,1.1,10,1.7,2.5,10,0.7,1.3,0.08,0.81,0.13,-1.2,0.84,0.13,-1.58,-1.28,0.11,1,0.41,0.32,0.81,0.41,0.07,0.11,0
1.7,2.1,22,23.5,1.7,0.9,1.1,2.5,0.67,0.12,0.069,0.08,-1.2,-0.28,0.81,0.84,0.71,0.42,0.11,0.11,0.32,0.14,1,0.81,0
2.3,10,3.9,2.5,1.7,2.3,12.9,0.9,-0.04,0.13,-0.4,-0.41,-1.2,-0.04,-0.039,-0.28,0.92,0.41,0.7,0,0.32,0.92,0.46,0.14,0
2.3,12.9,23.5,1.7,2.1,2.5,0.9,7.8,-0.04,-0.039,0.08,-1.2,0.12,0.84,-0.28,0.78,0.92,0.46,0.11,0.32,0.42,0.81,0.14,0.36,0
3.9,22,1.3,10,0.9,1.7,1.3,1.1,-0.4,0.069,-1.28,0.13,-0.28,-1.2,-1.28,0.81,0.7,0.11,0.11,0.41,0.14,0.32,0.11,1,0
23.5,23.5,1.7,22,7.8,2.3,2.5,0.7,0.08,0.08,-1.2,0.069,0.78,-0.04,0.84,-1.58,0.11,0.11,0.32,0.11,0.36,0.92,0.81,0.07,0
1.3,1.5,2.5,1.7,0,0,1.7,1.5,-1.28,-0.61,-0.41,-1.2,0.67,0.42,-1.2,-0.61,0.11,0.11,0,0.32,0.4,0.78,0.32,0.11,0
12.9,1.7,2.1,1.7,23.5,23.5,2.5,1.3,-0.039,-1.2,0.12,0.67,0.08,0.08,-0.41,-1.28,0.46,0.32,0.42,0.71,0.11,0.11,0,0.11,0
2.1,0.9,2.5,0.9,23.5,0.7,0.9,2.5,0.12,-0.28,-0.41,-0.28,0.08,-1.58,-0.28,-0.41,0.42,0.14,0,0.14,0.11,0.07,0.14,0,0
0.7,12.9,10,1.7,10,2.1,1.7,2.1,-1.58,-0.039,0.13,-1.2,0.13,0.12,-1.2,0.12,0.07,0.46,0.41,0.32,0.41,0.42,0.32,0.42,0
1.5,3.9,1.7,10,0.7,10,3.9,22,-0.61,-0.4,-1.2,0.13,-1.58,0.13,-0.4,0.069,0.11,0.7,0.32,0.41,0.07,0.41,0.7,0.11,0
2.5,1.7,1.5,2.5,2.5,10,23.5,1.7,-0.41,-1.2,-0.61,-0.41,-0.41,0.13,0.08,-1.2,0,0.32,0.11,0,0,0.41,0.11,0.32,0
1.1,0,0,0.9,2.1,1.5,1.7,7.8,0.81,0.42,0.67,-0.28,0.12,-0.61,-1.2,0.78,1,0.78,0.4,0.14,0.42,0.11,0.32,0.36,0
0,1.1,0.7,0.9,1.1,23.5,10,1.1,0.42,0.81,-1.58,-0.28,0.81,0.08,0.13,0.81,0.78,1,0.07,0.14,1,0.11,0.41,1,0
1.7,1.5,1.7,10,10,10,22,1.7,-1.2,0.81,-1.2,0.13,0.13,0.13,0.069,-1.2,0.32,0.97,0.32,0.41,0.41,0.41,0.11,0.32,0
12.9,3.9,23.5,10,3.9,1.1,2.1,23.5,-0.039,-0.4,0.08,0.13,-0.4,0.81,0.12,0.08,0.46,0.7,0.11,0.41,0.7,1,0.42,0.11,0
10,0.9,2.3,0,2.5,2.5,23.5,2.5,0.13,-0.28,-0.04,0.67,-0.41,-0.41,0.08,-0.41,0.41,0.14,0.92,0.4,0,0,0.11,0,0
1.3,10,0.9,2.1,12.9,2.1,1.7,2.5,-1.28,0.13,-0.28,0.12,-0.039,0.12,-1.2,-0.41,0.11,0.41,0.14,0.42,0.46,0.42,0.32,0,0
10,2.1,1.5,1.7,1.7,1.7,0.9,0.9,0.13,0.12,0.81,-1.2,-1.2,-1.2,-0.28,-0.28,0.41,0.42,0.97,0.32,0.32,0.32,0.14,0.14,0
1.5,23.5,0,3.9,2.5,12.9,2.1,3.9,0.81,0.08,0.42,-0.4,-0.41,-0.039,0.12,-0.4,0.97,0.11,0.78,0.7,0,0.46,0.42,0.7,0
22,1.5,3.9,10,22,23.5,12.9,2.5,0.069,0.81,-0.4,0.13,0.069,0.08,-0.039,-0.41,0.11,0.97,0.7,0.41,0.11,0.11,0.46,0,0
10,10,23.5,0.7,2.5,1.7,0.9,2.1,0.13,0.13,0.08,-1.58,0.84,0.67,-0.28,0.12,0.41,0.41,0.11,0.07,0.81,0.71,0.14,0.42,0
12.9,2.5,2.1,0.7,3.9,2.3,1.7,12.9,-0.039,0.84,0.12,-1.58,-0.4,-0.04,-1.2,-0.039,0.46,0.81,0.42,0.07,0.7,0.92,0.32,0.46,0
3.9,2.3,10,10,2.5,22,0,10,-0.4,-0.04,0.13,0.13,-0.41,0.069,0.67,0.13,0.7,0.92,0.41,0.41,0,0.11,0.4,0.41,0
1.1,1.3,0.7,23.5,2.3,1.7,10,0.9,0.81,-1.28,-1.58,0.08,-0.04,0.67,0.13,-0.28,1,0.11,0.07,0.11,0.92,0.71,0.41,0.14,0
0,2.5,2.3,2.5,10,7.8,1.7,12.9,0.42,0.84,-0.04,-0.41,0.13,0.78,0.67,-0.039,0.78,0.81,0.92,0,0.41,0.36,0.71,0.46,0
1.5,3.9,2.3,1.1,1.7,0.7,2.1,3.9,0.81,-0.4,-0.04,0.81,-1.2,-1.58,0.12,-0.4,0.97,0.7,0.92,1,0.32,0.07,0.42,0.7,0
0.9,23.5,2.3,3.9,23.5,0.9,10,0.9,-0.28,0.08,-0.04,-0.4,0.08,-0.28,0.13,-0.28,0.14,0.11,0.92,0.7,0.11,0.14,0.41,0.14,0
0.7,1.7,2.1,2.1,23.5,2.1,0.7,0.9,-1.58,0.67,0.12,0.12,0.08,0.12,-1.58,-0.28,0.07,0.71,0.42,0.42,0.11,0.42,0.07,0.14,0
10,1.5,10,1.3,0.9,2.1,23.5,1.7,0.13,0.81,0.13,-1.28,-0.28,0.12,0.08,-1.2,0.41,0.97,0.41,0.11,0.14,0.42,0.11,0.32,0
0.7,12.9,2.5,1.5,10,12.9,1.7,1.5,-1.58,-0.039,-0.41,0.81,0.13,-0.039,-1.2,-0.61,0.07,0.46,0,0.97,0.41,0.46,0.32,0.11,0
3.9,2.1,10,1.7,1.5,1.7,2.5,0.9,-0.4,0.12,0.13,-1.2,0.81,-1.2,-0.41,-0.28,0.7,0.42,0.41,0.32,0.97,0.32,0,0.14,0
7.8,1.5,7.8,10,1.7,2.3,22,0.9,0.78,-0.61,0.78,0.13,-1.2,-0.04,0.069,-0.28,0.36,0.11,0.36,0.41,0.32,0.92,0.11,0.14,0
2.1,1.7,2.1,1.3,2.3,1.7,7.8,2.3,0.12,0.67,0.12,-1.28,-0.04,-1.2,0.78,-0.04,0.42,0.71,0.42,0.11,0.92,0.32,0.36,0.92,0
1.5,10,1.1,2.3,0,3.9,10,22,-0.61,0.13,0.81,-0.04,0.67,-0.4,0.13,0.069,0.11,0.41,1,0.92,0.4,0.7,0.41,0.11,0
2.5,2.1,2.5,3.9,0.7,10,2.5,2.1,0.84,0.12,-0.41,-0.4,-1.58,0.13,-0.41,0.12,0.81,0.42,0,0.7,0.07,0.41,0,0.42,0
2.1,2.1,10,7.8,0.9,1.7,1.5,2.3,0.12,0.12,0.13,0.78,-0.28,-1.2,-0.61,-0.04,0.42,0.42,0.41,0.36,0.14,0.32,0.11,0.92,0
1.5,3.9,0.9,0,2.5,0.9,1.7,2.3,0.81,-0.4,-0.28,0.42,-0.41,-0.28,-1.2,-0.04,0.97,0.7,0.14,0.78,0,0.14,0.32,0.92,0
10,10,2.1,2.3,2.3,1.3,1.7,0.7,0.13,0.13,0.12,-0.04,-0.04,-1.28,-1.2,-1.58,0.41,0.41,0.42,0.92,0.92,0.11,0.32,0.07,0
1.1,1.5,2.1,0.9,2.5,2.1,2.3,10,0.81,-0.61,0.12,-0.28,0.84,0.12,-0.04,0.13,1,0.11,0.42,0.14,0.81,0.42,0.92,0.41,0
3.9,1.7,0.9,12.9,2.3,12.9,1.7,2.1,-0.4,-1.2,-0.28,-0.039,-0.04,-0.039,-1.2,0.12,0.7,0.32,0.14,0.46,0.92,0.46,0.32,0.42,0
2.5,0,10,1.3,10,22,12.9,1.5,-0.41,0.42,0.13,-1.28,0.13,0.069,-0.039,0.81,0,0.78,0.41,0.11,0.41,0.11,0.46,0.97,0
1.5,0.9,0.9,1.3,1.7,1.5,10,2.1,0.81,-0.28,-0.28,-1.28,-1.2,0.81,0.13,0.12,0.97,0.14,0.14,0.11,0.32,0.97,0.41,0.42,0
0.9,1.7,1.1,1.7,10,10,2.3,10,-0.28,-1.2,0.81,0.67,0.13,0.13,-0.04,0.13,0.14,0.32,1,0.71,0.41,0.41,0.92,0.41,0
2.3,12.9,1.7,1.5,0.9,7.8,2.5,23.5,-0.04,-0.039,-1.2,0.81,-0.28,0.78,-0.41,0.08,0.92,0.46,0.32,0.97,0.14,0.36,0,0.11,0
10,1.7,0.9,23.5,12.9,2.1,0.9,2.5,0.13,0.67,-0.28,0.08,-0.039,0.12,-0.28,-0.41,0.41,0.71,0.14,0.11,0.46,0.42,0.14,0,0
1.3,12.9,1.7,2.1,7.8,1.3,0,2.1,-1.28,-0.039,-1.2,0.12,0.78,-1.28,0.67,0.12,0.11,0.46,0.32,0.42,0.36,0.11,0.4,0.42,0
1.7,7.8,0.7,3.9,3.9,2.1,2.5,23.5,-1.2,0.78,-1.58,-0.4,-0.4,0.12,-0.41,0.08,0.32,0.36,0.07,0.7,0.7,0.42,0,0.11,0
1.7,2.1,7.8,23.5,1.3,1.7,10,2.1,-1.2,0.12,0.78,0.08,-1.28,-1.2,0.13,0.12,0.32,0.42,0.36,0.11,0.11,0.32,0.41,0.42,0
2.3,10,22,10,7.8,1.5,22,1.5,-0.04,0.13,0.069,0.13,0.78,0.81,0.069,-0.61,0.92,0.41,0.11,0.41,0.36,0.97,0.11,0.11,0
7.8,1.3,10,12.9,2.1,1.7,1.7,0.7,0.78,-1.28,0.13,-0.039,0.12,-1.2,-1.2,-1.58,0.36,0.11,0.41,0.46,0.42,0.32,0.32,0.07,0
10,22,22,2.5,2.5,23.5,1.7,2.1,0.13,0.069,0.069,-0.41,0.84,0.08,-1.2,0.12,0.41,0.11,0.11,0,0.81,0.11,0.32,0.42,0
0.9,2.5,1.3,23.5,0,2.5,2.1,2.5,-0.28,-0.41,-1.28,0.08,0.42,-0.41,0.12,-0.41,0.14,0,0.11,0.11,0.78,0,0.42,0,0
1.7,1.7,22,3.9,1.5,7.8,1.7,1.7,-1.2,-1.2,0.069,-0.4,0.81,0.78,-1.2,-1.2,0.32,0.32,0.11,0.7,0.97,0.36,0.32,0.32,0
22,0.9,3.9,10,12.9,2.5,1.3,12.9,0.069,-0.28,-0.4,0.13,-0.039,-0.41,-1.28,-0.039,0.11,0.14,0.7,0.41,0.46,0,0.11,0.46,0
22,2.1,2.5,2.5,7.8,12.9,1.1,0.9,0.069,0.12,-0.41,0.84,0.78,-0.039,0.81,-0.28,0.11,0.42,0,0.81,0.36,0.46,1,0.14,0
22,2.1,2.1,2.1,3.9,1.1,0.9,3.9,0.069,0.12,0.12,0.12,-0.4,0.81,-0.28,-0.4,0.11,0.42,0.42,0.42,0.7,1,0.14,0.7,0
1.7,0.9,1.5,3.9,1.5,10,10,0,-1.2,-0.28,-0.61,-0.4,0.81,0.13,0.13,0.42,0.32,0.14,0.11,0.7,0.97,0.41,0.41,0.78,0
2.5,2.5,0.9,7.8,3.9,1.7,10,1.1,-0.41,-0.41,-0.28,0.78,-0.4,-1.2,0.13,0.81,0,0,0.14,0.36,0.7,0.32,0.41,1,0
0.7,7.8,1.7,7.8,0.9,3.9,23.5,1.7,-1.58,0.78,0.67,0.78,-0.28,-0.4,0.08,0.67,0.07,0.36,0.71,0.36,0.14,0.7,0.11,0.71,0
2.3,3.9,1.3,10,23.5,2.1,1.7,2.5,-0.04,-0.4,-1.28,0.13,0.08,0.12,-1.2,-0.41,0.92,0.7,0.11,0.41,0.11,0.42,0.32,0,0
10,2.3,3.9,3.9,1.7,2.5,1.3,23.5,0.13,-0.04,-0.4,-0.4,-1.2,-0.41,-1.28,0.08,0.41,0.92,0.7,0.7,0.32,0,0.11,0.11,0
2.5,0,1.1,1.3,12.9,10,3.9,1.3,0.84,0.67,0.81,-1.28,-0.039,0.13,-0.4,-1.28,0.81,0.4,1,0.11,0.46,0.41,0.7,0.11,0
1.3,2.5,0.9,7.8,2.5,3.9,12.9,10,-1.28,-0.41,-0.28,0.78,0.84,-0.4,-0.039,0.13,0.11,0,0.14,0.36,0.81,0.7,0.46,0.41,0
1.1,2.5,2.1,0.9,1.7,10,10,0.7,0.81,-0.41,0.12,-0.28,0.67,0.13,0.13,-1.58,1,0,0.42,0.14,0.71,0.41,0.41,0.07,0
3.9,2.5,23.5,1.7,2.1,2.5,7.8,2.3,-0.4,-0.41,0.08,0.67,0.12,-0.41,0.78,-0.04,0.7,0,0.11,0.71,0.42,0,0.36,0.92,0
2.5,3.9,7.8,1.3,1.1,2.3,1.7,1.5,-0.41,-0.4,0.78,-1.28,0.81,-0.04,-1.2,0.81,0,0.7,0.36,0.11,1,0.92,0.32,0.97,0
23.5,1.5,1.3,1.7,12.9,2.1,1.3,2.1,0.08,-0.61,-1.28,-1.2,-0.039,0.12,-1.28,0.12,0.11,0.11,0.11,0.32,0.46,0.42,0.11,0.42,0
10,2.5,10,1.1,2.5,7.8,1.3,23.5,0.13,-0.41,0.13,0.81,-0.41,0.78,-1.28,0.08,0.41,0,0.41,1,0,0.36,0.11,0.11,0
10,22,1.3,7.8,10,10,7.8,1.3,0.13,0.069,-1.28,0.78,0.13,0.13,0.78,-1.28,0.41,0.11,0.11,0.36,0.41,0.41,0.36,0.11,0
1.5,23.5,1.1,2.5,1.7,7.8,7.8,23.5,0.81,0.08,0.81,0.84,-1.2,0.78,0.78,0.08,0.97,0.11,1,0.81,0.32,0.36,0.36,0.11,1
1.5,2.1,10,12.9,10,7.8,23.5,2.1,0.81,0.12,0.13,-0.039,0.13,0.78,0.08,0.12,0.97,0.42,0.41,0.46,0.41,0.36,0.11,0.42,1
3.9,10,23.5,1.1,1.5,1.7,23.5,0,-0.4,0.13,0.08,0.81,0.81,0.67,0.08,0.42,0.7,0.41,0.11,1,0.97,0.71,0.11,0.78,1
3.9,0.9,2.1,2.1,23.5,1.7,1.1,1.5,-0.4,-0.28,0.12,0.12,0.08,0.67,0.81,0.81,0.7,0.14,0.42,0.42,0.11,0.71,1,0.97,1
7.8,23.5,0,10,1.5,23.5,1.7,2.3,0.78,0.08,0.42,0.13,0.81,0.08,0.67,-0.04,0.36,0.11,0.78,0.41,0.97,0.11,0.71,0.92,1
2.5,10,1.1,7.8,1.7,1.7,7.8,0.7,0.84,0.13,0.81,0.78,0.67,-1.2,0.78,-1.58,0.81,0.41,1,0.36,0.71,0.32,0.36,0.07,1
2.3,2.3,1.5,0.9,10,23.5,3.9,1.1,-0.04,-0.04,0.81,-0.28,0.13,0.08,-0.4,0.81,0.92,0.92,0.97,0.14,0.41,0.11,0.7,1,1
0,12.9,3.9,2.5,22,2.5,23.5,1.1,0.67,-0.039,-0.4,-0.41,0.069,0.84,0.08,0.81,0.4,0.46,0.7,0,0.11,0.81,0.11,1,1
1.5,2.1,2.1,1.3,1.1,2.3,3.9,1.7,0.81,0.12,0.12,-1.28,0.81,-0.04,-0.4,0.67,0.97,0.42,0.42,0.11,1,0.92,0.7,0.71,1
2.5,2.5,1.3,7.8,2.3,2.1,2.5,2.5,-0.41,-0.41,-1.28,0.78,-0.04,0.12,-0.41,0.84,0,0,0.11,0.36,0.92,0.42,0,0.81,1
10,2.1,1.5,1.1,0,12.9,1.5,1.1,0.13,0.12,0.81,0.81,0.42,-0.039,0.81,0.81,0.41,0.42,0.97,1,0.78,0.46,0.97,1,1
1.1,0.9,2.5,0,1.7,2.5,3.9,1.7,0.81,-0.28,0.84,0.67,-1.2,-0.41,-0.4,-1.2,1,0.14,0.81,0.4,0.32,0,0.7,0.32,1
0.9,10,23.5,1.5,10,1.5,1.1,0.9,-0.28,0.13,0.08,0.81,0.13,0.81,0.81,-0.28,0.14,0.41,0.11,0.97,0.41,0.97,1,0.14,1
2.1,0,3.9,1.7,1.1,1.7,1.5,7.8,0.12,0.67,-0.4,-1.2,0.81,0.67,0.81,0.78,0.42,0.4,0.7,0.32,1,0.71,0.97,0.36,1
1.7,2.5,22,0.9,12.9,1.1,12.9,1.5,0.67,0.84,0.069,-0.28,-0.039,0.81,-0.039,0.81,0.71,0.81,0.11,0.14,0.46,1,0.46,0.97,1
2.1,2.5,1.1,0,23.5,2.5,10,12.9,0.12,-0.41,0.81,0.67,0.08,0.84,0.13,-0.039,0.42,0,1,0.4,0.11,0.81,0.41,0.46,1
7.8,0.9,10,1.5,1.5,2.5,2.5,1.1,0.78,-0.28,0.13,0.81,-0.61,0.84,-0.41,0.81,0.36,0.14,0.41,0.97,0.11,0.81,0,1,1
2.1,2.1,1.5,23.5,0.9,0.9,2.5,23.5,0.12,0.12,0.81,0.08,-0.28,-0.28,0.84,0.08,0.42,0.42,0.97,0.11,0.14,0.14,0.81,0.11,1
12.9,10,2.3,10,2.3,22,7.8,2.5,-0.039,0.13,-0.04,0.13,-0.04,0.069,0.78,0.84,0.46,0.41,0.92,0.41,0.92,0.11,0.36,0.81,1
1.1,2.5,1.3,1.1,3.9,23.5,0.9,10,0.81,0.84,-1.28,0.81,-0.4,0.08,-0.28,0.13,1,0.81,0.11,1,0.7,0.11,0.14,0.41,1
2.3,22,1.7,0,7.8,0,10,2.5,-0.04,0.069,-1.2,0.42,0.78,0.42,0.13,-0.41,0.92,0.11,0.32,0.78,0.36,0.78,0.41,0,1
1.7,2.3,10,10,23.5,2.5,1.1,0.9,0.67,-0.04,0.13,0.13,0.08,0.84,0.81,-0.28,0.71,0.92,0.41,0.41,0.11,0.81,1,0.14,1
10,10,12.9,1.7,2.3,23.5,2.5,1.1,0.13,0.13,-0.039,-1.2,-0.04,0.08,0.84,0.81,0.41,0.41,0.46,0.32,0.92,0.11,0.81,1,1
0,2.3,10,1.7,3.9,1.5,0,2.5,0.42,-0.04,0.13,-1.2,-0.4,-0.61,0.42,-0.41,0.78,0.92,0.41,0.32,0.7,0.11,0.78,0,1
22,2.5,1.5,3.9,2.5,1.5,2.5,2.5,0.069,0.84,0.81,-0.4,-0.41,0.81,0.84,-0.41,0.11,0.81,0.97,0.7,0,0.97,0.81,0,1
2.3,0.7,10,1.5,1.1,2.1,0,23.5,-0.04,-1.58,0.13,0.81,0.81,0.12,0.67,0.08,0.92,0.07,0.41,0.97,1,0.42,0.4,0.11,1
10,1.5,0.9,1.5,23.5,10,2.1,10,0.13,0.81,-0.28,0.81,0.08,0.13,0.12,0.13,0.41,0.97,0.14,0.97,0.11,0.41,0.42,0.41,1
2.5,3.9,23.5,0.9,3.9,0.9,0,1.5,0.84,-0.4,0.08,-0.28,-0.4,-0.28,0.67,0.81,0.81,0.7,0.11,0.14,0.7,0.14,0.4,0.97,1
12.9,2.1,2.1,7.8,3.9,1.7,2.3,2.5,-0.039,0.12,0.12,0.78,-0.4,-1.2,-0.04,0.84,0.46,0.42,0.42,0.36,0.7,0.32,0.92,0.81,1
0,23.5,3.9,2.5,10,2.1,7.8,10,0.67,0.08,-0.4,0.84,0.13,0.12,0.78,0.13,0.4,0.11,0.7,0.81,0.41,0.42,0.36,0.41,1
0.9,2.1,1.5,0.9,0.9,1.1,7.8,1.7,-0.28,0.12,0.81,-0.28,-0.28,0.81,0.78,-1.2,0.14,0.42,0.97,0.14,0.14,1,0.36,0.32,1
2.3,23.5,2.1,2.5,1.7,0.9,10,7.8,-0.04,0.08,0.12,0.84,-1.2,-0.28,0.13,0.78,0.92,0.11,0.42,0.81,0.32,0.14,0.41,0.36,1
1.3,1.1,1.7,2.1,23.5,23.5,3.9,1.5,-1.28,0.81,0.67,0.12,0.08,0.08,-0.4,-0.61,0.11,1,0.71,0.42,0.11,0.11,0.7,0.11,1
10,22,1.3,7.8,10,10,7.8,1.3,0.13,0.069,-1.28,0.78,0.13,0.13,0.78,-1.28,0.41,0.11,0.11,0.36,0.41,0.41,0.36,0.11,1
0,1.1,23.5,2.1,12.9,2.3,0,2.3,0.42,0.81,0.08,0.12,-0.039,-0.04,0.67,-0.04,0.78,1,0.11,0.42,0.46,0.92,0.4,0.92,1
0.9,2.3,0.9,1.7,10,1.7,2.3,10,-0.28,-0.04,-0.28,0.67,0.13,0.67,-0.04,0.13,0.14,0.92,0.14,0.71,0.41,0.71,0.92,0.41,1
1.3,2.5,0.9,7.8,2.5,3.9,12.9,10,-1.28,-0.41,-0.28,0.78,0.84,-0.4,-0.039,0.13,0.11,0,0.14,0.36,0.81,0.7,0.46,0.41,1
12.9,12.9,1.7,1.1,2.5,23.5,2.1,0.7,-0.039,-0.039,-1.2,0.81,0.84,0.08,0.12,-1.58,0.46,0.46,0.32,1,0.81,0.11,0.42,0.07,1
10,2.5,1.7,3.9,1.5,1.5,2.1,2.5,0.13,0.84,0.67,-0.4,0.81,-0.61,0.12,-0.41,0.41,0.81,0.71,0.7,0.97,0.11,0.42,0,1
2.1,0,1.3,12.9,1.1,12.9,7.8,2.5,0.12,0.67,-1.28,-0.039,0.81,-0.039,0.78,-0.41,0.42,0.4,0.11,0.46,1,0.46,0.36,0,1
10,1.7,1.7,2.5,1.5,2.1,10,1.7,0.13,-1.2,-1.2,0.84,-0.61,0.12,0.13,-1.2,0.41,0.32,0.32,0.81,0.11,0.42,0.41,0.32,1
12.9,1.5,23.5,2.1,0.9,2.1,10,7.8,-0.039,0.81,0.08,0.12,-0.28,0.12,0.13,0.78,0.46,0.97,0.11,0.42,0.14,0.42,0.41,0.36,1
10,1.1,0.9,1.7,2.5,1.5,10,10,0.13,0.81,-0.28,0.67,-0.41,0.81,0.13,0.13,0.41,1,0.14,0.71,0,0.97,0.41,0.41,1
0.9,23.5,1.3,2.5,2.1,3.9,2.5,1.7,-0.28,0.08,-1.28,-0.41,0.12,-0.4,0.84,0.67,0.14,0.11,0.11,0,0.42,0.7,0.81,0.71,1
1.7,22,23.5,22,2.1,0,3.9,1.3,-1.2,0.069,0.08,0.069,0.12,0.67,-0.4,-1.28,0.32,0.11,0.11,0.11,0.42,0.4,0.7,0.11,1
1.7,1.3,7.8,2.5,2.5,0.9,1.7,2.1,-1.2,-1.28,0.78,0.84,0.84,-0.28,-1.2,0.12,0.32,0.11,0.36,0.81,0.81,0.14,0.32,0.42,1
0.9,1.5,1.7,10,1.7,3.9,0.9,22,-0.28,0.81,-1.2,0.13,-1.2,-0.4,-0.28,0.069,0.14,0.97,0.32,0.41,0.32,0.7,0.14,0.11,1
1.3,10,1.3,0.9,0.9,2.5,0,1.7,-1.28,0.13,-1.28,-0.28,-0.28,0.84,0.67,-1.2,0.11,0.41,0.11,0.14,0.14,0.81,0.4,0.32,1
2.1,10,23.5,2.1,1.1,1.1,2.5,3.9,0.12,0.13,0.08,0.12,0.81,0.81,-0.41,-0.4,0.42,0.41,0.11,0.42,1,1,0,0.7,1
1.3,0,2.3,12.9,7.8,1.7,12.9,2.3,-1.28,0.42,-0.04,-0.039,0.78,-1.2,-0.039,-0.04,0.11,0.78,0.92,0.46,0.36,0.32,0.46,0.92,1
10,1.7,0.9,23.5,12.9,2.1,0.9,2.5,0.13,0.67,-0.28,0.08,-0.039,0.12,-0.28,-0.41,0.41,0.71,0.14,0.11,0.46,0.42,0.14,0,1
1.5,10,1.1,2.3,0,3.9,10,22,-0.61,0.13,0.81,-0.04,0.67,-0.4,0.13,0.069,0.11,0.41,1,0.92,0.4,0.7,0.41,0.11,1
1.7,2.5,2.3,2.1,23.5,0.9,10,10,-1.2,-0.41,-0.04,0.12,0.08,-0.28,0.13,0.13,0.32,0,0.92,0.42,0.11,0.14,0.41,0.41,1
2.5,0,1.7,22,2.5,23.5,10,0,0.84,0.67,0.67,0.069,-0.41,0.08,0.13,0.42,0.81,0.4,0.71,0.11,0,0.11,0.41,0.78,1
10,2.5,10,7.8,1.5,2.1,2.5,1.7,0.13,0.84,0.13,0.78,0.81,0.12,0.84,-1.2,0.41,0.81,0.41,0.36,0.97,0.42,0.81,0.32,1
0,22,1.1,23.5,0,2.5,2.1,3.9,0.42,0.069,0.81,0.08,0.67,-0.41,0.12,-0.4,0.78,0.11,1,0.11,0.4,0,0.42,0.7,1
12.9,1.7,1.7,2.5,1.7,12.9,22,23.5,-0.039,-1.2,-1.2,0.84,-1.2,-0.039,0.069,0.08,0.46,0.32,0.32,0.81,0.32,0.46,0.11,0.11,1
1.5,3.9,10,0,3.9,10,1.5,12.9,0.81,-0.4,0.13,0.67,-0.4,0.13,0.81,-0.039,0.97,0.7,0.41,0.4,0.7,0.41,0.97,0.46,1
7.8,2.5,1.5,12.9,1.3,23.5,2.3,0,0.78,-0.41,-0.61,-0.039,-1.28,0.08,-0.04,0.67,0.36,0,0.11,0.46,0.11,0.11,0.92,0.4,1
0.9,2.1,2.3,1.5,2.5,23.5,1.3,2.5,-0.28,0.12,-0.04,0.81,0.84,0.08,-1.28,-0.41,0.14,0.42,0.92,0.97,0.81,0.11,0.11,0,1
